[
  {
    "StudentNumber": 1,
    "Lesson": "DB",
    "Score": 14.63433486
  },
  {
    "StudentNumber": 1,
    "Lesson": "AP",
    "Score": 12.0218272
  },
  {
    "StudentNumber": 1,
    "Lesson": "DA",
    "Score": 18.98081619
  },
  {
    "StudentNumber": 1,
    "Lesson": "DS",
    "Score": 15.52422954
  },
  {
    "StudentNumber": 2,
    "Lesson": "DB",
    "Score": 19.9984161
  },
  {
    "StudentNumber": 2,
    "Lesson": "AP",
    "Score": 17.51669733
  },
  {
    "StudentNumber": 2,
    "Lesson": "DA",
    "Score": 10.26295696
  },
  {
    "StudentNumber": 2,
    "Lesson": "DS",
    "Score": 10.01975171
  },
  {
    "StudentNumber": 3,
    "Lesson": "DB",
    "Score": 16.607692
  },
  {
    "StudentNumber": 3,
    "Lesson": "AP",
    "Score": 12.2630708
  },
  {
    "StudentNumber": 3,
    "Lesson": "DA",
    "Score": 18.02715037
  },
  {
    "StudentNumber": 3,
    "Lesson": "DS",
    "Score": 14.12720018
  },
  {
    "StudentNumber": 4,
    "Lesson": "DB",
    "Score": 17.70425414
  },
  {
    "StudentNumber": 4,
    "Lesson": "AP",
    "Score": 17.57739023
  },
  {
    "StudentNumber": 4,
    "Lesson": "DA",
    "Score": 16.22962447
  },
  {
    "StudentNumber": 4,
    "Lesson": "DS",
    "Score": 17.45579008
  },
  {
    "StudentNumber": 5,
    "Lesson": "DB",
    "Score": 10.69591387
  },
  {
    "StudentNumber": 5,
    "Lesson": "AP",
    "Score": 13.74945505
  },
  {
    "StudentNumber": 5,
    "Lesson": "DA",
    "Score": 10.47906005
  },
  {
    "StudentNumber": 5,
    "Lesson": "DS",
    "Score": 10.64942138
  },
  {
    "StudentNumber": 6,
    "Lesson": "DB",
    "Score": 15.89915904
  },
  {
    "StudentNumber": 6,
    "Lesson": "AP",
    "Score": 10.45254317
  },
  {
    "StudentNumber": 6,
    "Lesson": "DA",
    "Score": 19.92515277
  },
  {
    "StudentNumber": 6,
    "Lesson": "DS",
    "Score": 14.2964831
  },
  {
    "StudentNumber": 7,
    "Lesson": "DB",
    "Score": 19.99800627
  },
  {
    "StudentNumber": 7,
    "Lesson": "AP",
    "Score": 17.89393279
  },
  {
    "StudentNumber": 7,
    "Lesson": "DA",
    "Score": 10.28261242
  },
  {
    "StudentNumber": 7,
    "Lesson": "DS",
    "Score": 11.97554454
  },
  {
    "StudentNumber": 8,
    "Lesson": "DB",
    "Score": 14.11228504
  },
  {
    "StudentNumber": 8,
    "Lesson": "AP",
    "Score": 18.17301775
  },
  {
    "StudentNumber": 8,
    "Lesson": "DA",
    "Score": 12.03562658
  },
  {
    "StudentNumber": 8,
    "Lesson": "DS",
    "Score": 11.91781334
  }
]
