[
  {
    "StudentNumber": 1,
    "FirstName": "Mahdi",
    "LastName": "Malverdi"
  },
  {
    "StudentNumber": 2,
    "FirstName": "Mohammad",
    "LastName": "Haghighat"
  },
  {
    "StudentNumber": 3,
    "FirstName": "Mohammad Hossein",
    "LastName": "Mostmand"
  },
  {
    "StudentNumber": 4,
    "FirstName": "Hossein",
    "LastName": "Behbodi"
  },
  {
    "StudentNumber": 5,
    "FirstName": "Ahmad",
    "LastName": "Salimi"
  },
  {
    "StudentNumber": 6,
    "FirstName": "Hadi",
    "LastName": "EsnaAshari"
  },
  {
    "StudentNumber": 7,
    "FirstName": "Alireza",
    "LastName": "Ziaei"
  },
  {
    "StudentNumber": 8,
    "FirstName": "Mohammad Hossein",
    "LastName": "Ghesarieh"
  }
]
